mean_bsf_nv;sd_bsf_nv;mean_bsf_tc;sd_bsf_tc;mean_bsf_fc;sd_bsf_fc;mean_exec_time;sd_exec_time;mean_total_iterations;sd_solution_evaluations;mean_total_iterations;sd_solution_evaluations;
88.96666666666667;0.4138409933973335;42899.59834893857;349.67740003483055;1.0;0.0;600011.2666666667;9.566224107669695;23045.1;364.5580555440642;46322.13333333333;703.3740719257935;
