mean_bsf_nv;sd_bsf_nv;mean_bsf_tc;sd_bsf_tc;mean_bsf_fc;sd_bsf_fc;mean_exec_time;sd_exec_time;mean_total_iterations;sd_solution_evaluations;mean_total_iterations;sd_solution_evaluations;
75.93333333333334;0.6914918072835209;50113.534671524656;490.5207882339011;1.0;0.0;600019.6;37.118263930865346;25601.633333333335;379.27730582338256;51515.333333333336;749.2574868556172;
