mean_bsf_nv;sd_bsf_nv;mean_bsf_tc;sd_bsf_tc;mean_bsf_fc;sd_bsf_fc;mean_exec_time;sd_exec_time;mean_total_iterations;sd_solution_evaluations;mean_total_iterations;sd_solution_evaluations;
18.9;0.3051285766293646;31484.462371057747;1416.1829369617265;1.0;0.0;600085.7666666667;246.7351900783276;16128.266666666666;1090.9261782709139;32748.2;2121.8866426220634;
