mean_bsf_nv;sd_bsf_nv;mean_bsf_tc;sd_bsf_tc;mean_bsf_fc;sd_bsf_fc;mean_exec_time;sd_exec_time;mean_total_iterations;sd_solution_evaluations;mean_total_iterations;sd_solution_evaluations;
33.333333333333336;0.4794633014853841;23745.29349116511;806.9888081718183;1.0;0.0;600001.7;2.394678007294653;8.9336466E7;994931.015675476;642036.2;39671.530495062696;
