mean_bsf_nv;sd_bsf_nv;mean_bsf_tc;sd_bsf_tc;mean_bsf_fc;sd_bsf_fc;mean_exec_time;sd_exec_time;mean_total_iterations;sd_solution_evaluations;mean_total_iterations;sd_solution_evaluations;
56.233333333333334;0.8976341829703128;44911.254454446826;538.3634760549613;1.0;0.0;600004.3;4.2438596616271616;49570.566666666666;2274.535764431538;103511.36666666667;4554.09445545384;
