mean_bsf_nv;sd_bsf_nv;mean_bsf_tc;sd_bsf_tc;mean_bsf_fc;sd_bsf_fc;mean_exec_time;sd_exec_time;mean_total_iterations;sd_solution_evaluations;mean_total_iterations;sd_solution_evaluations;
31.033333333333335;0.9643054793328018;33640.79986890502;406.86200393761925;1.0;0.0;600002.2;2.7467849544889567;67336.33333333333;5581.937331054164;138904.1;11171.599404987508;
