mean_bsf_nv;sd_bsf_nv;mean_bsf_tc;sd_bsf_tc;mean_bsf_fc;sd_bsf_fc;mean_exec_time;sd_exec_time;mean_total_iterations;sd_solution_evaluations;mean_total_iterations;sd_solution_evaluations;
64.16666666666667;0.8742813140471168;42734.41150118876;301.00765854173346;1.0;0.0;600879.1333333333;328.79872612108846;0.0;0.0;1170979.5333333334;60551.55491823552;
