mean_bsf_nv;sd_bsf_nv;mean_bsf_tc;sd_bsf_tc;mean_bsf_fc;sd_bsf_fc;mean_exec_time;sd_exec_time;mean_total_iterations;sd_solution_evaluations;mean_total_iterations;sd_solution_evaluations;
47.666666666666664;0.49236596391733084;33412.46785549892;299.88562930874343;1.0;0.0;602993.3333333334;2124.7634877293704;0.0;0.0;930817.0833333334;59696.995588263504;
