feasible,number of vehicles,total cost,time millis
true,101,48307.442716983605,2065
true,100,47694.71866848758,106454
true,100,47694.71866848758,406462
