feasible,number of vehicles,total cost,time millis
true,104,52954.901362370336,1725
true,103,53393.68764508029,33721
true,102,53560.814806437535,95069
true,101,52934.27880902334,203657
true,101,52934.27880902334,503668
