feasible,number of vehicles,total cost,time millis
true,105,62628.756277040135,1393
true,104,64827.252562747875,1614
true,103,63364.69493796322,1658
true,102,65594.27869769176,8067
true,101,65697.26882469567,20504
true,100,67290.5059805459,32787
true,99,65349.82227265474,53434
true,98,62568.88431577149,70854
true,97,61287.29015380534,112757
true,96,61204.32462824894,169213
true,95,59852.64040430232,282397
true,95,59852.64040430232,582408
