feasible,number of vehicles,total cost,time millis
true,100,47484.67589989337,2795
true,100,47484.67589989337,602807
true,100,42488.657042713436,603104
