feasible,number of vehicles,total cost,time millis
true,101,48307.442716983605,1598
true,100,47497.313693050535,109303
true,100,42963.048483500446,109513
true,100,42963.048483500446,709514
true,100,42963.048483500446,709564
