feasible,number of vehicles,total cost,time millis
true,100,47484.67589989337,2005
true,100,47484.67589989337,60008
