feasible,number of vehicles,total cost,time millis
true,106,54439.44594158789,1509
true,105,52828.55368894508,24075
true,104,53386.291871033776,66139
true,103,53265.84299850815,116347
true,102,50415.23566776165,160670
true,101,49465.146611614786,266513
true,101,49465.146611614786,566526
