feasible,number of vehicles,total cost,time millis
true,109,59212.72233904773,2120
true,108,62462.66219643842,14579
true,107,61351.410477664904,27781
true,106,59294.18777886501,47387
true,105,58478.99733919546,69758
true,104,57801.14161952332,93253
true,103,55757.758408816466,121984
true,102,56464.8940308644,164646
true,101,54781.90744818151,198793
true,100,52909.66636682834,245378
true,99,51513.27629833378,314902
true,98,49920.73043951358,536535
true,98,49920.73043951358,836539
