feasible,number of vehicles,total cost,time millis
true,83,48042.66298605935,2131
true,82,55017.619951187866,19882
true,81,53088.46968416456,43671
true,80,51829.38880194538,72438
true,79,50508.380924392826,107796
true,78,48606.53661710872,157725
true,77,47837.529593437204,266311
true,76,45599.13150380638,422414
true,75,44421.982041402174,605149
true,75,44421.982041402174,905150
