feasible,number of vehicles,total cost,time millis
true,34,32185.415404032807,1475
true,33,37799.18735468532,80734
true,32,33850.589374902025,238927
true,32,33850.589374902025,538955
