feasible,number of vehicles,total cost,time millis
true,35,29765.52872032139,1378
true,34,38246.899928393155,25020
true,33,34898.73412338551,54486
true,32,31826.24759769071,95690
true,31,28903.33181406741,187396
true,31,28903.33181406741,487402
