feasible,number of vehicles,total cost,time millis
true,39,38322.01871817441,1325
true,38,48260.92987748078,2812
true,37,47443.6501040148,8464
true,36,44076.43714922663,18692
true,35,40930.017483901654,33802
true,34,37960.21401458468,50165
true,33,34224.92009854036,86858
true,32,32043.630890752604,157839
true,31,28134.624374354058,283468
true,31,28134.624374354058,583502
