feasible,number of vehicles,total cost,time millis
true,38,32828.682127033906,1447
true,37,41993.85527161903,1789
true,36,41758.54837260323,6944
true,35,38759.553639407415,18441
true,34,35698.80393829439,26500
true,33,33262.72222735684,48074
true,32,30380.348532478336,104261
true,31,28580.739299096247,288457
true,31,28580.739299096247,588476
