feasible,number of vehicles,total cost,time millis
true,37,33853.89799668205,1326
true,36,42361.74242723972,8340
true,35,37734.496613526804,19995
true,34,35326.58951962334,47196
true,33,32440.585017353776,79335
true,32,30090.909844172158,128093
true,31,26153.64494335435,211609
true,31,26153.64494335435,511614
