feasible,number of vehicles,total cost,time millis
true,37,34263.46526945616,1441
true,36,44483.004381219194,1704
true,35,42486.27494464534,7703
true,34,38816.30039636311,23772
true,33,36189.35043425832,55673
true,32,33150.31198625865,141807
true,31,29910.849855553584,320397
true,31,29910.849855553584,620415
