feasible,number of vehicles,total cost,time millis
true,33,22946.777605707055,1594
true,32,22459.263504717812,26577
true,31,19833.08208614366,49679
true,30,17258.541511559906,253358
true,30,17258.541511559906,553363
