feasible,number of vehicles,total cost,time millis
true,39,32177.058277418208,1243
true,38,41271.141309275685,4182
true,37,39768.22472891481,9948
true,36,36805.53834162957,15744
true,35,34710.916433031685,27363
true,34,30769.97958005225,46093
true,33,30063.657866906407,94700
true,32,26441.49804730846,148925
true,31,23464.980916759767,317150
true,31,23464.980916759767,617174
