feasible,number of vehicles,total cost,time millis
true,38,33910.63376930145,1348
true,37,41882.53531968306,1427
true,36,39376.88607624429,9656
true,35,38399.04343180981,31467
true,34,35206.43285296802,68861
true,33,31238.976004177748,112745
true,32,29576.36041855061,175647
true,32,29576.36041855061,475677
