feasible,number of vehicles,total cost,time millis
true,38,35134.155563197084,1315
true,37,42793.55468989651,1945
true,36,37397.68089364518,8050
true,35,36212.24860892891,22342
true,34,33921.995175736476,53013
true,33,31456.811681906347,99286
true,32,28068.92623337608,175772
true,31,25053.27431948329,351328
true,31,25053.27431948329,651354
