feasible,number of vehicles,total cost,time millis
true,84,79722.24202515766,1365
true,83,87703.15219663193,1444
true,82,92220.40034433833,1643
true,81,93267.52375151968,1774
true,80,91216.20169025124,2110
true,80,91216.20169025124,302111
