feasible,number of vehicles,total cost,time millis
true,106,87412.9121116829,1361
true,105,94030.04719162556,1487
true,104,95797.11106027804,1613
true,103,96743.62364063383,1686
true,102,95386.77449004207,1899
true,101,96053.030850474,2217
true,100,97372.51929340076,3978
true,100,97372.51929340076,303979
