feasible,number of vehicles,total cost,time millis
true,19,63909.178551965226,1528
true,18,105327.7644952584,4955
true,17,101998.83026608714,9130
true,16,96092.29789806694,15895
true,15,91450.673704176,27026
true,14,86281.92301710224,33948
true,13,80972.49068074692,46536
true,12,75726.86742346037,66798
true,12,75726.86742346037,366953
