feasible,number of vehicles,total cost,time millis
true,21,75255.06531930497,1426
true,20,76843.8089692432,1429
true,19,88629.70448400891,2001
true,18,88175.51962073155,3747
true,17,82305.45408161767,9711
true,16,81142.32399096651,16264
true,15,77803.5136798344,41362
true,14,72942.30034927129,168526
true,14,72942.30034927129,468593
