feasible,number of vehicles,total cost,time millis
true,18,66429.34088483706,1341
true,17,66593.56306792874,1343
true,16,77290.02689461995,1451
true,15,79963.65455709616,3055
true,14,74672.48804512726,8927
true,13,71198.595671512,17174
true,12,66040.5171640504,32012
true,11,60294.22466319348,120600
true,11,60294.22466319348,420623
