feasible,number of vehicles,total cost,time millis
true,21,77052.73524687276,1335
true,20,82156.73517556523,1339
true,19,92450.774193258,1560
true,18,92141.71614263573,3832
true,17,85746.65809352223,7706
true,16,85440.67322846736,11955
true,15,78938.27924289506,19889
true,14,71417.2439233022,32133
true,13,69486.89520095983,86910
true,13,69486.89520095983,386912
