feasible,number of vehicles,total cost,time millis
true,23,75605.19297474835,1520
true,22,100800.37128970452,2140
true,21,100930.39958723051,3057
true,20,104175.41973834326,6258
true,19,100037.74554981069,11857
true,18,98407.08078613013,15697
true,17,95640.22612163721,31120
true,16,93460.4164759776,58176
true,15,86459.07901844507,91132
true,15,86459.07901844507,391210
