feasible,number of vehicles,total cost,time millis
true,20,71027.14882639251,1500
true,19,73675.01748749203,1505
true,18,102371.2850457895,3839
true,17,97282.56254666847,7697
true,16,95865.25428287793,14585
true,15,92265.11703626429,20804
true,14,86679.58219358357,39799
true,13,80386.62798334131,70746
true,12,75054.4912314714,127556
true,12,75054.4912314714,427619
