feasible,number of vehicles,total cost,time millis
true,12,46528.723485236405,3057
true,11,66757.6775586518,4712
true,10,64403.98794849087,24189
true,9,58335.08860770764,53751
true,8,50580.40289102117,134887
true,7,43112.32199427734,385748
true,7,43112.32199427734,685867
