feasible,number of vehicles,total cost,time millis
true,13,47139.456280961414,2538
true,12,78874.08452114595,10848
true,11,70447.7353192315,61012
true,10,64482.834377882864,90275
true,9,56562.1449671163,142661
true,9,56562.1449671163,443066
