feasible,number of vehicles,total cost,time millis
true,16,57035.08439868516,1769
true,15,61016.27161442383,1773
true,14,85633.03684014677,3705
true,13,83325.37438698344,11687
true,12,77726.7685228489,34300
true,11,70531.77538213419,74917
true,10,64929.149980320486,122015
true,9,57940.30100641528,364381
true,9,57940.30100641528,664434
