feasible,number of vehicles,total cost,time millis
true,28,84161.44740937317,1261
true,27,88346.42185662978,1264
true,26,104447.3585363391,1727
true,25,102568.39929866376,2362
true,24,101627.08687545115,3744
true,23,95351.90933478178,6019
true,22,95719.57513590521,7650
true,21,90090.13018933743,11697
true,20,87433.70669235932,24838
true,19,84495.38901962613,46721
true,18,82787.30745572092,189639
true,18,82787.30745572092,489660
