feasible,number of vehicles,total cost,time millis
true,52,47980.165614020734,1488
true,51,58380.22275855751,1641
true,50,68083.96124364146,2141
true,49,68952.29054725864,2581
true,48,69148.61042896619,3581
true,47,67908.81165866382,4478
true,46,66028.33655223477,6087
true,45,63742.947986168234,6333
true,44,63461.38126328681,9320
true,43,62533.12096686111,15555
true,42,61088.71692791902,18064
true,41,59795.63003284311,26995
true,40,57370.896319413536,43498
true,40,57370.896319413536,343542
