feasible,number of vehicles,total cost,time millis
true,28,59929.95236686306,1389
true,27,62157.803291037984,1392
true,26,81611.28112320934,1729
true,25,85105.51262970468,2261
true,24,83421.85392136268,3082
true,23,86368.7571576488,3772
true,22,85887.11591143886,4675
true,21,80336.49584878724,6487
true,20,76832.85318846344,8983
true,19,76123.93079878078,19357
true,18,75514.32831124266,25927
true,17,72591.28055641941,187047
true,17,72591.28055641941,487076
