feasible,number of vehicles,total cost,time millis
true,18,43835.14612330992,4058
true,17,69493.48129006424,6583
true,16,70043.60867394692,6591
true,15,93847.3666122387,36729
true,14,86348.00540852001,68802
true,13,80580.39341182938,102098
true,12,72750.46281917067,186212
true,12,72750.46281917067,486529
