feasible,number of vehicles,total cost,time millis
true,32,63384.85588139051,1336
true,31,73438.42434266843,1471
true,30,84678.6417584964,2224
true,29,83468.04635532617,5895
true,28,88534.57345614175,6449
true,27,81333.76804166303,11616
true,26,77648.73022442903,15319
true,25,76490.4115199834,16525
true,24,75463.64500828194,25531
true,23,74312.69178343104,98835
true,22,70896.72331262598,116771
true,22,70896.72331262598,416780
