feasible,number of vehicles,total cost,time millis
true,25,52914.921777870215,1721
true,24,86945.88984081493,2798
true,23,97664.17172973187,3394
true,22,112527.24083164711,8022
true,21,114713.07660742001,21629
true,20,108129.46146900821,80549
true,19,104127.67783813487,119209
true,18,98273.61891351339,154454
true,17,97971.65480829605,240243
true,16,89593.29963445362,267779
true,16,89593.29963445362,567917
