feasible,number of vehicles,total cost,time millis
true,19,52844.961372868696,1479
true,18,69158.69584372244,1719
true,17,77427.7615865365,5459
true,16,75801.35491442136,8970
true,15,70511.07760280235,12497
true,14,64882.759917216565,19007
true,13,66463.3287570236,40176
true,12,60986.10505847554,59119
true,12,60986.10505847554,359180
