feasible,number of vehicles,total cost,time millis
true,27,59885.956324437124,1883
true,26,86362.0024174762,4013
true,25,83581.63096480747,6305
true,24,82589.22575740248,7942
true,23,84439.65074067265,9943
true,22,82798.30452420845,10353
true,21,80883.96014785195,17290
true,20,76166.64160293953,37961
true,19,76361.84372302989,43643
true,18,73008.76366257959,172366
true,18,73008.76366257959,472369
