feasible,number of vehicles,total cost,time millis
true,30,64211.44117720497,1388
true,29,87914.14530700311,1651
true,28,106676.08474658338,4335
true,27,108539.33770168645,6128
true,26,106193.86815768934,8120
true,25,106595.95447597696,12532
true,24,104479.06172750378,20500
true,23,99240.8778889134,28952
true,22,96617.97159600776,42950
true,21,95622.17223123387,104828
true,20,91566.48873611446,207674
true,20,91566.48873611446,507716
