feasible,number of vehicles,total cost,time millis
true,29,61933.91036193755,1298
true,28,63152.57295839355,1300
true,27,82506.8640642371,1672
true,26,89238.97497463934,3344
true,25,86250.77616336643,3910
true,24,80925.13019127022,4619
true,23,82370.19416477664,5788
true,22,75417.78894501532,6993
true,21,78402.98577106206,7423
true,20,77133.29869510132,9423
true,19,69805.90508648285,14490
true,18,67878.86676659854,18059
true,18,67878.86676659854,318109
