mean_bsf_nv;sd_bsf_nv;mean_bsf_tc;sd_bsf_tc;mean_bsf_fc;sd_bsf_fc;mean_exec_time;sd_exec_time;mean_total_iterations;sd_solution_evaluations;mean_total_iterations;sd_solution_evaluations;
102.93333333333334;0.2537081317024626;43895.52918701509;124.83657573886055;1.0;0.0;600022.7666666667;16.829127732294538;0.0;0.0;2436691.033333333;92404.42990518527;
