mean_bsf_nv;sd_bsf_nv;mean_bsf_tc;sd_bsf_tc;mean_bsf_fc;sd_bsf_fc;mean_exec_time;sd_exec_time;mean_total_iterations;sd_solution_evaluations;mean_total_iterations;sd_solution_evaluations;
98.03333333333333;0.18257418583505536;43023.50095329317;139.2167124436498;1.0;0.0;120011.36666666667;8.417892820666573;4664.133333333333;234.74325422107202;9472.4;462.9885378785274;
