mean_bsf_nv;sd_bsf_nv;mean_bsf_tc;sd_bsf_tc;mean_bsf_fc;sd_bsf_fc;mean_exec_time;sd_exec_time;mean_total_iterations;sd_solution_evaluations;mean_total_iterations;sd_solution_evaluations;
30.966666666666665;0.41384099339733377;18827.424329606438;1282.2693301747356;1.0;0.0;120139.03333333334;351.3223770893026;2088.7;294.9659419264396;4332.533333333334;570.7878845905914;
