mean_bsf_nv;sd_bsf_nv;mean_bsf_tc;sd_bsf_tc;mean_bsf_fc;sd_bsf_fc;mean_exec_time;sd_exec_time;mean_total_iterations;sd_solution_evaluations;mean_total_iterations;sd_solution_evaluations;
12.533333333333333;0.507416263404925;48542.63767401536;1541.7109198949815;1.0;0.0;121203.46666666666;855.9667143598249;156.4333333333333;79.1161012137502;478.4;157.95516605277152;
