mean_bsf_nv;sd_bsf_nv;mean_bsf_tc;sd_bsf_tc;mean_bsf_fc;sd_bsf_fc;mean_exec_time;sd_exec_time;mean_total_iterations;sd_solution_evaluations;mean_total_iterations;sd_solution_evaluations;
14.833333333333334;0.5306686305052324;53982.57078565521;2880.202662466409;1.0;0.0;120568.4;679.7799644002462;436.0666666666667;227.80344421321269;1100.6;450.4598110590004;
