mean_bsf_nv;sd_bsf_nv;mean_bsf_tc;sd_bsf_tc;mean_bsf_fc;sd_bsf_fc;mean_exec_time;sd_exec_time;mean_total_iterations;sd_solution_evaluations;mean_total_iterations;sd_solution_evaluations;
52.733333333333334;0.5208304597621879;37089.6748343041;315.2312823837135;1.0;0.0;120011.26666666666;7.124185777231371;4181.333333333333;245.80484736576236;8603.466666666667;467.32331961659185;
