mean_bsf_nv;sd_bsf_nv;mean_bsf_tc;sd_bsf_tc;mean_bsf_fc;sd_bsf_fc;mean_exec_time;sd_exec_time;mean_total_iterations;sd_solution_evaluations;mean_total_iterations;sd_solution_evaluations;
56.733333333333334;0.7849152527649009;36767.46265584935;412.37159065767906;1.0;0.0;120194.9;387.6828912112721;1455.4;331.01761594961306;3168.0666666666666;635.5684359544684;
