mean_bsf_nv;sd_bsf_nv;mean_bsf_tc;sd_bsf_tc;mean_bsf_fc;sd_bsf_fc;mean_exec_time;sd_exec_time;mean_total_iterations;sd_solution_evaluations;mean_total_iterations;sd_solution_evaluations;
19.9;0.6074253182419872;33054.03383105206;2238.6670989256154;1.0;0.0;120349.16666666667;425.3954009229963;709.3;384.235034931701;1717.7333333333331;751.9938523837735;
