mean_bsf_nv;sd_bsf_nv;mean_bsf_tc;sd_bsf_tc;mean_bsf_fc;sd_bsf_fc;mean_exec_time;sd_exec_time;mean_total_iterations;sd_solution_evaluations;mean_total_iterations;sd_solution_evaluations;
23.733333333333334;0.4497764451088037;32323.047154349817;1528.5866692904099;1.0;0.0;120054.9;147.10759609070564;2369.1666666666665;665.6456592498452;5081.0;1279.7826324055568;
