mean_bsf_nv;sd_bsf_nv;mean_bsf_tc;sd_bsf_tc;mean_bsf_fc;sd_bsf_fc;mean_exec_time;sd_exec_time;mean_total_iterations;sd_solution_evaluations;mean_total_iterations;sd_solution_evaluations;
78.0;0.0;25416.460051715734;157.075531781691;1.0;0.0;600009.7333333333;7.046316393169106;31658.666666666668;1120.6832993630558;63503.13333333333;2233.1989693669507;
