mean_bsf_nv;sd_bsf_nv;mean_bsf_tc;sd_bsf_tc;mean_bsf_fc;sd_bsf_fc;mean_exec_time;sd_exec_time;mean_total_iterations;sd_solution_evaluations;mean_total_iterations;sd_solution_evaluations;
77.9;0.3051285766293647;26269.138229734293;298.19624962735395;1.0;0.0;600009.0333333333;6.51514592597753;28649.8;505.4816344424599;57424.86666666667;1013.5385515126195;
