mean_bsf_nv;sd_bsf_nv;mean_bsf_tc;sd_bsf_tc;mean_bsf_fc;sd_bsf_fc;mean_exec_time;sd_exec_time;mean_total_iterations;sd_solution_evaluations;mean_total_iterations;sd_solution_evaluations;
25.0;0.0;21613.43903196534;198.32525065910167;1.0;0.0;600014.3333333334;12.33814755372423;18420.333333333332;1152.5218326403383;37225.73333333333;2294.2377283147853;
