mean_bsf_nv;sd_bsf_nv;mean_bsf_tc;sd_bsf_tc;mean_bsf_fc;sd_bsf_fc;mean_exec_time;sd_exec_time;mean_total_iterations;sd_solution_evaluations;mean_total_iterations;sd_solution_evaluations;
80.0;0.0;39348.823078063564;48.7582821750314;1.0;0.0;600009.2666666667;8.693768411649936;30786.266666666666;520.1389027566767;61739.333333333336;1043.2158613313609;
