mean_bsf_nv;sd_bsf_nv;mean_bsf_tc;sd_bsf_tc;mean_bsf_fc;sd_bsf_fc;mean_exec_time;sd_exec_time;mean_total_iterations;sd_solution_evaluations;mean_total_iterations;sd_solution_evaluations;
54.0;0.0;42836.125657403645;304.5779924757827;1.0;0.0;600016.8333333334;10.452135018109052;17593.733333333334;451.2055066102389;35576.666666666664;869.0881600189117;
