mean_bsf_nv;sd_bsf_nv;mean_bsf_tc;sd_bsf_tc;mean_bsf_fc;sd_bsf_fc;mean_exec_time;sd_exec_time;mean_total_iterations;sd_solution_evaluations;mean_total_iterations;sd_solution_evaluations;
21.266666666666666;0.44977644510880366;31841.01167858905;1284.0077017746025;1.0;0.0;600241.0;713.3145555590562;10485.2;977.5532228212825;21435.0;1898.2534985685095;
