mean_bsf_nv;sd_bsf_nv;mean_bsf_tc;sd_bsf_tc;mean_bsf_fc;sd_bsf_fc;mean_exec_time;sd_exec_time;mean_total_iterations;sd_solution_evaluations;mean_total_iterations;sd_solution_evaluations;
18.9;0.3051285766293646;31510.313574156455;1620.2976182027264;1.0;0.0;600079.7;225.95790727936253;17748.133333333335;1055.8996730467484;35983.86666666667;2056.5338555079943;
