mean_bsf_nv;sd_bsf_nv;mean_bsf_tc;sd_bsf_tc;mean_bsf_fc;sd_bsf_fc;mean_exec_time;sd_exec_time;mean_total_iterations;sd_solution_evaluations;mean_total_iterations;sd_solution_evaluations;
34.4;0.8136762043449725;21566.072335778565;741.4477708055799;1.0;0.0;600002.5;2.8617573573616952;60832.53333333333;9085.4812361236;125176.33333333333;18180.126732863788;
