mean_bsf_nv;sd_bsf_nv;mean_bsf_tc;sd_bsf_tc;mean_bsf_fc;sd_bsf_fc;mean_exec_time;sd_exec_time;mean_total_iterations;sd_solution_evaluations;mean_total_iterations;sd_solution_evaluations;
84.0;0.0;51673.71956389361;433.7474080392684;1.0;0.0;600001.6666666666;2.4116575117588703;54910.53333333333;5953.244283485314;112376.06666666667;11907.257670714176;
