mean_bsf_nv;sd_bsf_nv;mean_bsf_tc;sd_bsf_tc;mean_bsf_fc;sd_bsf_fc;mean_exec_time;sd_exec_time;mean_total_iterations;sd_solution_evaluations;mean_total_iterations;sd_solution_evaluations;
21.233333333333334;0.5683207771559354;29055.406879873055;682.0307024797883;1.0;0.0;600004.1666666666;2.995206898999815;58009.4;9300.807527417659;118726.26666666666;18606.069395233102;
