mean_bsf_nv;sd_bsf_nv;mean_bsf_tc;sd_bsf_tc;mean_bsf_fc;sd_bsf_fc;mean_exec_time;sd_exec_time;mean_total_iterations;sd_solution_evaluations;mean_total_iterations;sd_solution_evaluations;
14.533333333333333;0.571346463723366;26197.02578714568;488.879686802002;1.0;0.0;600003.4666666667;3.7759066810989674;39020.166666666664;6758.435934564239;80559.73333333334;13519.337001529308;
